asn,organization,malicious,confidence,category,source,source_url,last_seen
AS245,Planning Research Corporation,true,high,Spamhaus ASN-DROP,Spamhaus,https://www.spamhaus.org/drop/asndrop.json,2026-08-28T18:41:30.061245+00:00
AS2601,Pitline Ltd,true,high,Spamhaus ASN-DROP,Spamhaus,https://www.spamhaus.org/drop/asndrop.json,2026-08-28T18:41:30.061245+00:00
AS2702,"Novx Systems, Inc",true,high,Spamhaus ASN-DROP,Spamhaus,https://www.spamhaus.org/drop/asndrop.json,2026-08-28T18:41:30.061245+00:00
AS3507,IPSwat LLC,true,high,Spamhaus ASN-DROP,Spamhaus,https://www.spamhaus.org/drop/asndrop.json,2026-08-28T18:41:30.061245+00:00
AS3563,"Pilot Network Services, Inc",true,high,Spamhaus ASN-DROP,Spamhaus,https://www.spamhaus.org/drop/asndrop.json,2026-08-28T18:41:30.061245+00:00
AS5065,Bunny Communications,true,high,Spamhaus ASN-DROP,Spamhaus,https://www.spamhaus.org/drop/asndrop.json,2026-08-28T18:41:30.061245+00:00
AS6060,Management Alliance Group Inc.,true,high,Spamhaus ASN-DROP,Spamhaus,https://www.spamhaus.org/drop/asndrop.json,2026-08-28T18:41:30.061245+00:00
AS6186,"Garcia Consulting, Inc.",true,high,Spamhaus ASN-DROP,Spamhaus,https://www.spamhaus.org/drop/asndrop.json,2026-08-28T18:41:30.061245+00:00
AS6207,Bunny Communications,true,high,Spamhaus ASN-DROP,Spamhaus,https://www.spamhaus.org/drop/asndrop.json,2026-08-28T18:41:30.061245+00:00
AS6729,DEMENIN B.V.,true,high,Spamhaus ASN-DROP,Spamhaus,https://www.spamhaus.org/drop/asndrop.json,2026-08-28T18:41:30.061245+00:00
AS7411,StormNet Communications,true,high,Spamhaus ASN-DROP,Spamhaus,https://www.spamhaus.org/drop/asndrop.json,2026-08-28T18:41:30.061245+00:00
AS7857,"Empire Communications, Inc.",true,high,Spamhaus ASN-DROP,Spamhaus,https://www.spamhaus.org/drop/asndrop.json,2026-08-28T18:41:30.061245+00:00
AS7907,Networldtron Corp,true,high,Spamhaus ASN-DROP,Spamhaus,https://www.spamhaus.org/drop/asndrop.json,2026-08-28T18:41:30.061245+00:00
AS8129,"CAI Wireless Systems, Inc.",true,high,Spamhaus ASN-DROP,Spamhaus,https://www.spamhaus.org/drop/asndrop.json,2026-08-28T18:41:30.061245+00:00
AS8649,ZeXoTeK IT-Services GmbH,true,high,Spamhaus ASN-DROP,Spamhaus,https://www.spamhaus.org/drop/asndrop.json,2026-08-28T18:41:30.061245+00:00
AS9164,"""R-TEL"" LLC",true,high,Spamhaus ASN-DROP,Spamhaus,https://www.spamhaus.org/drop/asndrop.json,2026-08-28T18:41:30.061245+00:00
AS11527,NovaBroadband LLC,true,high,Spamhaus ASN-DROP,Spamhaus,https://www.spamhaus.org/drop/asndrop.json,2026-08-28T18:41:30.061245+00:00
AS13875,MxFiber LLC,true,high,Spamhaus ASN-DROP,Spamhaus,https://www.spamhaus.org/drop/asndrop.json,2026-08-28T18:41:30.061245+00:00
AS14576,Hosting Solution Ltd.,true,high,Spamhaus ASN-DROP,Spamhaus,https://www.spamhaus.org/drop/asndrop.json,2026-08-28T18:41:30.061245+00:00
AS17447,Net4India Ltd,true,high,Spamhaus ASN-DROP,Spamhaus,https://www.spamhaus.org/drop/asndrop.json,2026-08-28T18:41:30.061245+00:00
AS17612,Rinnai Korea,true,high,Spamhaus ASN-DROP,Spamhaus,https://www.spamhaus.org/drop/asndrop.json,2026-08-28T18:41:30.061245+00:00
AS17994,Spark New Zealand Trading Ltd,true,high,Spamhaus ASN-DROP,Spamhaus,https://www.spamhaus.org/drop/asndrop.json,2026-08-28T18:41:30.061245+00:00
AS18526,"DDPS Networks, LLC",true,high,Spamhaus ASN-DROP,Spamhaus,https://www.spamhaus.org/drop/asndrop.json,2026-08-28T18:41:30.061245+00:00
AS20724,GlobalTeleHost Corp.,true,high,Spamhaus ASN-DROP,Spamhaus,https://www.spamhaus.org/drop/asndrop.json,2026-08-28T18:41:30.061245+00:00
AS23865,Net Innovation LLC,true,high,Spamhaus ASN-DROP,Spamhaus,https://www.spamhaus.org/drop/asndrop.json,2026-08-28T18:41:30.061245+00:00
AS24426,"Beijing CE Huatong Information Technology Co., Ltd.",true,high,Spamhaus ASN-DROP,Spamhaus,https://www.spamhaus.org/drop/asndrop.json,2026-08-28T18:41:30.061245+00:00
AS24544,Law's Cloud Infrastructure Limited,true,high,Spamhaus ASN-DROP,Spamhaus,https://www.spamhaus.org/drop/asndrop.json,2026-08-28T18:41:30.061245+00:00
AS24567,QT Inc.,true,high,Spamhaus ASN-DROP,Spamhaus,https://www.spamhaus.org/drop/asndrop.json,2026-08-28T18:41:30.061245+00:00
AS25288,DEMENIN B.V.,true,high,Spamhaus ASN-DROP,Spamhaus,https://www.spamhaus.org/drop/asndrop.json,2026-08-28T18:41:30.061245+00:00
AS25862,ISNX LLC,true,high,Spamhaus ASN-DROP,Spamhaus,https://www.spamhaus.org/drop/asndrop.json,2026-08-28T18:41:30.061245+00:00
AS26132,"DDPS Networks, LLC",true,high,Spamhaus ASN-DROP,Spamhaus,https://www.spamhaus.org/drop/asndrop.json,2026-08-28T18:41:30.061245+00:00
AS26173,King's Cross N.V.,true,high,Spamhaus ASN-DROP,Spamhaus,https://www.spamhaus.org/drop/asndrop.json,2026-08-28T18:41:30.061245+00:00
AS26561,NetRidge LLC,true,high,Spamhaus ASN-DROP,Spamhaus,https://www.spamhaus.org/drop/asndrop.json,2026-08-28T18:41:30.061245+00:00
AS26833,Electronic Transaction Consultants Corporation,true,high,Spamhaus ASN-DROP,Spamhaus,https://www.spamhaus.org/drop/asndrop.json,2026-08-28T18:41:30.061245+00:00
AS27463,GLOBALTELEHOST Corp.,true,high,Spamhaus ASN-DROP,Spamhaus,https://www.spamhaus.org/drop/asndrop.json,2026-08-28T18:41:30.061245+00:00
AS30490,Ethr.Net LLC,true,high,Spamhaus ASN-DROP,Spamhaus,https://www.spamhaus.org/drop/asndrop.json,2026-08-28T18:41:30.061245+00:00
AS31561,Nine-IX Route Servers,true,high,Spamhaus ASN-DROP,Spamhaus,https://www.spamhaus.org/drop/asndrop.json,2026-08-28T18:41:30.061245+00:00
AS33042,Netiface LLC,true,high,Spamhaus ASN-DROP,Spamhaus,https://www.spamhaus.org/drop/asndrop.json,2026-08-28T18:41:30.061245+00:00
AS33993,UFO Hosting LLC,true,high,Spamhaus ASN-DROP,Spamhaus,https://www.spamhaus.org/drop/asndrop.json,2026-08-28T18:41:30.061245+00:00
AS34450,Net Gate Telecom S.R.L.,true,high,Spamhaus ASN-DROP,Spamhaus,https://www.spamhaus.org/drop/asndrop.json,2026-08-28T18:41:30.061245+00:00
AS34985,Net Innovation LLC,true,high,Spamhaus ASN-DROP,Spamhaus,https://www.spamhaus.org/drop/asndrop.json,2026-08-28T18:41:30.061245+00:00
AS35478,Bunea TELECOM SRL,true,high,Spamhaus ASN-DROP,Spamhaus,https://www.spamhaus.org/drop/asndrop.json,2026-08-28T18:41:30.061245+00:00
AS35624,Fast Servers (Pty) Ltd,true,high,Spamhaus ASN-DROP,Spamhaus,https://www.spamhaus.org/drop/asndrop.json,2026-08-28T18:41:30.061245+00:00
AS35830,Fast Servers (Pty) Ltd,true,high,Spamhaus ASN-DROP,Spamhaus,https://www.spamhaus.org/drop/asndrop.json,2026-08-28T18:41:30.061245+00:00
AS36680,Netiface LLC,true,high,Spamhaus ASN-DROP,Spamhaus,https://www.spamhaus.org/drop/asndrop.json,2026-08-28T18:41:30.061245+00:00
AS37707,SEYCHELLES INTERNET EXCHANGE POINT ASSOCIATION,true,high,Spamhaus ASN-DROP,Spamhaus,https://www.spamhaus.org/drop/asndrop.json,2026-08-28T18:41:30.061245+00:00
AS38149,PT Bakrie Telecom Tbk,true,high,Spamhaus ASN-DROP,Spamhaus,https://www.spamhaus.org/drop/asndrop.json,2026-08-28T18:41:30.061245+00:00
AS38337,NIU Telecommunications Inc,true,high,Spamhaus ASN-DROP,Spamhaus,https://www.spamhaus.org/drop/asndrop.json,2026-08-28T18:41:30.061245+00:00
AS38871,InfoMove Solutions Limited,true,high,Spamhaus ASN-DROP,Spamhaus,https://www.spamhaus.org/drop/asndrop.json,2026-08-28T18:41:30.061245+00:00
AS38946,DEMENIN B.V.,true,high,Spamhaus ASN-DROP,Spamhaus,https://www.spamhaus.org/drop/asndrop.json,2026-08-28T18:41:30.061245+00:00
AS39600,BUNNY TECHNOLOGY LLC,true,high,Spamhaus ASN-DROP,Spamhaus,https://www.spamhaus.org/drop/asndrop.json,2026-08-28T18:41:30.061245+00:00
AS39720,Manilich Alla Valerievna,true,high,Spamhaus ASN-DROP,Spamhaus,https://www.spamhaus.org/drop/asndrop.json,2026-08-28T18:41:30.061245+00:00
AS40193,"Trit Networks, LLC",true,high,Spamhaus ASN-DROP,Spamhaus,https://www.spamhaus.org/drop/asndrop.json,2026-08-28T18:41:30.061245+00:00
AS40665,SPECTRE NETWORKS LTD,true,high,Spamhaus ASN-DROP,Spamhaus,https://www.spamhaus.org/drop/asndrop.json,2026-08-28T18:41:30.061245+00:00
AS40963,DEMENIN B.V.,true,high,Spamhaus ASN-DROP,Spamhaus,https://www.spamhaus.org/drop/asndrop.json,2026-08-28T18:41:30.061245+00:00
AS41155,Orbit Telekom Sanayi ve Ticaret Limited Sirketi,true,high,Spamhaus ASN-DROP,Spamhaus,https://www.spamhaus.org/drop/asndrop.json,2026-08-28T18:41:30.061245+00:00
AS42192,THUNDER NETWORK LIMITED,true,high,Spamhaus ASN-DROP,Spamhaus,https://www.spamhaus.org/drop/asndrop.json,2026-08-28T18:41:30.061245+00:00
AS42397,Bunea TELECOM SRL,true,high,Spamhaus ASN-DROP,Spamhaus,https://www.spamhaus.org/drop/asndrop.json,2026-08-28T18:41:30.061245+00:00
AS42419,Tavria-TRANSSERVIS Ltd,true,high,Spamhaus ASN-DROP,Spamhaus,https://www.spamhaus.org/drop/asndrop.json,2026-08-28T18:41:30.061245+00:00
AS42505,"""R-TEL"" LLC",true,high,Spamhaus ASN-DROP,Spamhaus,https://www.spamhaus.org/drop/asndrop.json,2026-08-28T18:41:30.061245+00:00
AS42881,Contrust Solutions S.R.L.,true,high,Spamhaus ASN-DROP,Spamhaus,https://www.spamhaus.org/drop/asndrop.json,2026-08-28T18:41:30.061245+00:00
AS43444,Fast Servers (Pty) Ltd,true,high,Spamhaus ASN-DROP,Spamhaus,https://www.spamhaus.org/drop/asndrop.json,2026-08-28T18:41:30.061245+00:00
AS43463,INFOCOM UK LTD,true,high,Spamhaus ASN-DROP,Spamhaus,https://www.spamhaus.org/drop/asndrop.json,2026-08-28T18:41:30.061245+00:00
AS43481,Pitline Ltd,true,high,Spamhaus ASN-DROP,Spamhaus,https://www.spamhaus.org/drop/asndrop.json,2026-08-28T18:41:30.061245+00:00
AS43613,LLC BIGNET UKRAINE,true,high,Spamhaus ASN-DROP,Spamhaus,https://www.spamhaus.org/drop/asndrop.json,2026-08-28T18:41:30.061245+00:00
AS43668,"""AS43668"" LLC",true,high,Spamhaus ASN-DROP,Spamhaus,https://www.spamhaus.org/drop/asndrop.json,2026-08-28T18:41:30.061245+00:00
AS43743,Kruiz LLC,true,high,Spamhaus ASN-DROP,Spamhaus,https://www.spamhaus.org/drop/asndrop.json,2026-08-28T18:41:30.061245+00:00
AS44208,Farahoosh Dena PLC,true,high,Spamhaus ASN-DROP,Spamhaus,https://www.spamhaus.org/drop/asndrop.json,2026-08-28T18:41:30.061245+00:00
AS44382,"Fiba Cloud Operation Company, LLC",true,high,Spamhaus ASN-DROP,Spamhaus,https://www.spamhaus.org/drop/asndrop.json,2026-08-28T18:41:30.061245+00:00
AS44386,LLC Internet Solutions,true,high,Spamhaus ASN-DROP,Spamhaus,https://www.spamhaus.org/drop/asndrop.json,2026-08-28T18:41:30.061245+00:00
AS44559,IT HOSTLINE LTD,true,high,Spamhaus ASN-DROP,Spamhaus,https://www.spamhaus.org/drop/asndrop.json,2026-08-28T18:41:30.061245+00:00
AS44801,"""R-TEL"" LLC",true,high,Spamhaus ASN-DROP,Spamhaus,https://www.spamhaus.org/drop/asndrop.json,2026-08-28T18:41:30.061245+00:00
AS46370,"Grand Web Solutions, Inc.",true,high,Spamhaus ASN-DROP,Spamhaus,https://www.spamhaus.org/drop/asndrop.json,2026-08-28T18:41:30.061245+00:00
AS46664,VolumeDrive,true,high,Spamhaus ASN-DROP,Spamhaus,https://www.spamhaus.org/drop/asndrop.json,2026-08-28T18:41:30.061245+00:00
AS47105,Vault Dweller OU,true,high,Spamhaus ASN-DROP,Spamhaus,https://www.spamhaus.org/drop/asndrop.json,2026-08-28T18:41:30.061245+00:00
AS47890,UNMANAGED LTD,true,high,Spamhaus ASN-DROP,Spamhaus,https://www.spamhaus.org/drop/asndrop.json,2026-08-28T18:41:30.061245+00:00
AS47893,"""R-TEL"" LLC",true,high,Spamhaus ASN-DROP,Spamhaus,https://www.spamhaus.org/drop/asndrop.json,2026-08-28T18:41:30.061245+00:00
AS47926,DEMENIN B.V.,true,high,Spamhaus ASN-DROP,Spamhaus,https://www.spamhaus.org/drop/asndrop.json,2026-08-28T18:41:30.061245+00:00
AS47945,"""R-TEL"" LLC",true,high,Spamhaus ASN-DROP,Spamhaus,https://www.spamhaus.org/drop/asndrop.json,2026-08-28T18:41:30.061245+00:00
AS48090,TECHOFF SRV LIMITED,true,high,Spamhaus ASN-DROP,Spamhaus,https://www.spamhaus.org/drop/asndrop.json,2026-08-28T18:41:30.061245+00:00
AS48198,AVTOTRANS-EURO LLC,true,high,Spamhaus ASN-DROP,Spamhaus,https://www.spamhaus.org/drop/asndrop.json,2026-08-28T18:41:30.061245+00:00
AS48214,Atis Omran Sevin PSJ,true,high,Spamhaus ASN-DROP,Spamhaus,https://www.spamhaus.org/drop/asndrop.json,2026-08-28T18:41:30.061245+00:00
AS48589,Tiger Network Limited,true,high,Spamhaus ASN-DROP,Spamhaus,https://www.spamhaus.org/drop/asndrop.json,2026-08-28T18:41:30.061245+00:00
AS48693,Rices Privately owned enterprise,true,high,Spamhaus ASN-DROP,Spamhaus,https://www.spamhaus.org/drop/asndrop.json,2026-08-28T18:41:30.061245+00:00
AS49418,NETSHIELD LTD,true,high,Spamhaus ASN-DROP,Spamhaus,https://www.spamhaus.org/drop/asndrop.json,2026-08-28T18:41:30.061245+00:00
AS49443,Contrust Solutions S.R.L.,true,high,Spamhaus ASN-DROP,Spamhaus,https://www.spamhaus.org/drop/asndrop.json,2026-08-28T18:41:30.061245+00:00
AS49581,Ferdinand Zink trading as Tube-Hosting,true,high,Spamhaus ASN-DROP,Spamhaus,https://www.spamhaus.org/drop/asndrop.json,2026-08-28T18:41:30.061245+00:00
AS50236,VertexLink Inc.,true,high,Spamhaus ASN-DROP,Spamhaus,https://www.spamhaus.org/drop/asndrop.json,2026-08-28T18:41:30.061245+00:00
AS51045,DEMENIN B.V.,true,high,Spamhaus ASN-DROP,Spamhaus,https://www.spamhaus.org/drop/asndrop.json,2026-08-28T18:41:30.061245+00:00
AS51124,FOP Dolgiy Andriy Fedorovuch,true,high,Spamhaus ASN-DROP,Spamhaus,https://www.spamhaus.org/drop/asndrop.json,2026-08-28T18:41:30.061245+00:00
AS51381,1337TEAM LIMITED,true,high,Spamhaus ASN-DROP,Spamhaus,https://www.spamhaus.org/drop/asndrop.json,2026-08-28T18:41:30.061245+00:00
AS51396,Pfcloud UG (haftungsbeschrankt),true,high,Spamhaus ASN-DROP,Spamhaus,https://www.spamhaus.org/drop/asndrop.json,2026-08-28T18:41:30.061245+00:00
AS51447,RootLayer Web Services LLC,true,high,Spamhaus ASN-DROP,Spamhaus,https://www.spamhaus.org/drop/asndrop.json,2026-08-28T18:41:30.061245+00:00
AS51511,"LLC ""Teleradio Company Traide-Express""",true,high,Spamhaus ASN-DROP,Spamhaus,https://www.spamhaus.org/drop/asndrop.json,2026-08-28T18:41:30.061245+00:00
AS51722,PIXOOF TEKNOLOJI ANONIM SIRKETI,true,high,Spamhaus ASN-DROP,Spamhaus,https://www.spamhaus.org/drop/asndrop.json,2026-08-28T18:41:30.061245+00:00
AS52209,Atis Omran Sevin PSJ,true,high,Spamhaus ASN-DROP,Spamhaus,https://www.spamhaus.org/drop/asndrop.json,2026-08-28T18:41:30.061245+00:00
AS53958,AUPROXIES LLC,true,high,Spamhaus ASN-DROP,Spamhaus,https://www.spamhaus.org/drop/asndrop.json,2026-08-28T18:41:30.061245+00:00
AS54497,American Domain Names LLC,true,high,Spamhaus ASN-DROP,Spamhaus,https://www.spamhaus.org/drop/asndrop.json,2026-08-28T18:41:30.061245+00:00
AS54801,Zillion Network Inc.,true,high,Spamhaus ASN-DROP,Spamhaus,https://www.spamhaus.org/drop/asndrop.json,2026-08-28T18:41:30.061245+00:00
AS55154,Madgenius.com,true,high,Spamhaus ASN-DROP,Spamhaus,https://www.spamhaus.org/drop/asndrop.json,2026-08-28T18:41:30.061245+00:00
AS55748,7-9-10 Nishi-Shinjuku,true,high,Spamhaus ASN-DROP,Spamhaus,https://www.spamhaus.org/drop/asndrop.json,2026-08-28T18:41:30.061245+00:00
AS55933,Cloudie Limited,true,high,Spamhaus ASN-DROP,Spamhaus,https://www.spamhaus.org/drop/asndrop.json,2026-08-28T18:41:30.061245+00:00
AS56291,"Ace, Inc.",true,high,Spamhaus ASN-DROP,Spamhaus,https://www.spamhaus.org/drop/asndrop.json,2026-08-28T18:41:30.061245+00:00
AS56362,TMN SA,true,high,Spamhaus ASN-DROP,Spamhaus,https://www.spamhaus.org/drop/asndrop.json,2026-08-28T18:41:30.061245+00:00
AS56584,InterIX Route Servers,true,high,Spamhaus ASN-DROP,Spamhaus,https://www.spamhaus.org/drop/asndrop.json,2026-08-28T18:41:30.061245+00:00
AS56873,1337TEAM LIMITED,true,high,Spamhaus ASN-DROP,Spamhaus,https://www.spamhaus.org/drop/asndrop.json,2026-08-28T18:41:30.061245+00:00
AS57100,Individual entrepreneur Dyachenko Valentina Ivanovna,true,high,Spamhaus ASN-DROP,Spamhaus,https://www.spamhaus.org/drop/asndrop.json,2026-08-28T18:41:30.061245+00:00
AS57415,"""R-TEL"" LLC",true,high,Spamhaus ASN-DROP,Spamhaus,https://www.spamhaus.org/drop/asndrop.json,2026-08-28T18:41:30.061245+00:00
AS57509,L&L Investment Ltd.,true,high,Spamhaus ASN-DROP,Spamhaus,https://www.spamhaus.org/drop/asndrop.json,2026-08-28T18:41:30.061245+00:00
AS57523,Chang Way Technologies Co. Limited,true,high,Spamhaus ASN-DROP,Spamhaus,https://www.spamhaus.org/drop/asndrop.json,2026-08-28T18:41:30.061245+00:00
AS58192,Atis Omran Sevin PSJ,true,high,Spamhaus ASN-DROP,Spamhaus,https://www.spamhaus.org/drop/asndrop.json,2026-08-28T18:41:30.061245+00:00
AS58854,Kaopu Cloud,true,high,Spamhaus ASN-DROP,Spamhaus,https://www.spamhaus.org/drop/asndrop.json,2026-08-28T18:41:30.061245+00:00
AS58961,Perhimpunan Klik Indonesia,true,high,Spamhaus ASN-DROP,Spamhaus,https://www.spamhaus.org/drop/asndrop.json,2026-08-28T18:41:30.061245+00:00
AS59425,Chang Way Technologies Co. Limited,true,high,Spamhaus ASN-DROP,Spamhaus,https://www.spamhaus.org/drop/asndrop.json,2026-08-28T18:41:30.061245+00:00
AS59651,Alex Largman,true,high,Spamhaus ASN-DROP,Spamhaus,https://www.spamhaus.org/drop/asndrop.json,2026-08-28T18:41:30.061245+00:00
AS59683,VipNet Ltd,true,high,Spamhaus ASN-DROP,Spamhaus,https://www.spamhaus.org/drop/asndrop.json,2026-08-28T18:41:30.061245+00:00
AS60842,Huize Holdings LLC,true,high,Spamhaus ASN-DROP,Spamhaus,https://www.spamhaus.org/drop/asndrop.json,2026-08-28T18:41:30.061245+00:00
AS61003,GlobalTeleHost Corp.,true,high,Spamhaus ASN-DROP,Spamhaus,https://www.spamhaus.org/drop/asndrop.json,2026-08-28T18:41:30.061245+00:00
AS61432,TOV VAIZ PARTNER,true,high,Spamhaus ASN-DROP,Spamhaus,https://www.spamhaus.org/drop/asndrop.json,2026-08-28T18:41:30.061245+00:00
AS61879,América Latina Educacional Adm. e Serviços LTDA,true,high,Spamhaus ASN-DROP,Spamhaus,https://www.spamhaus.org/drop/asndrop.json,2026-08-28T18:41:30.061245+00:00
AS62206,Pitline Ltd,true,high,Spamhaus ASN-DROP,Spamhaus,https://www.spamhaus.org/drop/asndrop.json,2026-08-28T18:41:30.061245+00:00
AS62380,Bunea TELECOM SRL,true,high,Spamhaus ASN-DROP,Spamhaus,https://www.spamhaus.org/drop/asndrop.json,2026-08-28T18:41:30.061245+00:00
AS62563,GLOBALTELEHOST Corp.,true,high,Spamhaus ASN-DROP,Spamhaus,https://www.spamhaus.org/drop/asndrop.json,2026-08-28T18:41:30.061245+00:00
AS62864,net innovation llc,true,high,Spamhaus ASN-DROP,Spamhaus,https://www.spamhaus.org/drop/asndrop.json,2026-08-28T18:41:30.061245+00:00
AS63023,GTHost,true,high,Spamhaus ASN-DROP,Spamhaus,https://www.spamhaus.org/drop/asndrop.json,2026-08-28T18:41:30.061245+00:00
AS63881,PT. Medianet Digital Indonesia,true,high,Spamhaus ASN-DROP,Spamhaus,https://www.spamhaus.org/drop/asndrop.json,2026-08-28T18:41:30.061245+00:00
AS131388,VIET NAM HT GROUP JOINT STOCK COMPANY,true,high,Spamhaus ASN-DROP,Spamhaus,https://www.spamhaus.org/drop/asndrop.json,2026-08-28T18:41:30.061245+00:00
AS131750,PT Gisindo Inti Solusi,true,high,Spamhaus ASN-DROP,Spamhaus,https://www.spamhaus.org/drop/asndrop.json,2026-08-28T18:41:30.061245+00:00
AS131831,,true,high,Spamhaus ASN-DROP,Spamhaus,https://www.spamhaus.org/drop/asndrop.json,2026-08-28T18:41:30.061245+00:00
AS132574,Alpha InfoLab Inc,true,high,Spamhaus ASN-DROP,Spamhaus,https://www.spamhaus.org/drop/asndrop.json,2026-08-28T18:41:30.061245+00:00
AS132827,GATEWAY INC,true,high,Spamhaus ASN-DROP,Spamhaus,https://www.spamhaus.org/drop/asndrop.json,2026-08-28T18:41:30.061245+00:00
AS132930,HERBALVEDA WELLNESS,true,high,Spamhaus ASN-DROP,Spamhaus,https://www.spamhaus.org/drop/asndrop.json,2026-08-28T18:41:30.061245+00:00
AS133320,Alpha InfoLab Private limited,true,high,Spamhaus ASN-DROP,Spamhaus,https://www.spamhaus.org/drop/asndrop.json,2026-08-28T18:41:30.061245+00:00
AS133488,service limited,true,high,Spamhaus ASN-DROP,Spamhaus,https://www.spamhaus.org/drop/asndrop.json,2026-08-28T18:41:30.061245+00:00
AS133668,Infolink Broadband Services Pvt Ltd,true,high,Spamhaus ASN-DROP,Spamhaus,https://www.spamhaus.org/drop/asndrop.json,2026-08-28T18:41:30.061245+00:00
AS133692,Fastnet Communication Pvt. Ltd.,true,high,Spamhaus ASN-DROP,Spamhaus,https://www.spamhaus.org/drop/asndrop.json,2026-08-28T18:41:30.061245+00:00
AS133731,Cloudie Limited,true,high,Spamhaus ASN-DROP,Spamhaus,https://www.spamhaus.org/drop/asndrop.json,2026-08-28T18:41:30.061245+00:00
AS133994,RM HOSPITALITY,true,high,Spamhaus ASN-DROP,Spamhaus,https://www.spamhaus.org/drop/asndrop.json,2026-08-28T18:41:30.061245+00:00
AS134121,Rainbow network limited,true,high,Spamhaus ASN-DROP,Spamhaus,https://www.spamhaus.org/drop/asndrop.json,2026-08-28T18:41:30.061245+00:00
AS134176,Cloudie Limited,true,high,Spamhaus ASN-DROP,Spamhaus,https://www.spamhaus.org/drop/asndrop.json,2026-08-28T18:41:30.061245+00:00
AS134196,"ANYUN INTERNET TECHNOLOGY (HK) CO.,LIMITED",true,high,Spamhaus ASN-DROP,Spamhaus,https://www.spamhaus.org/drop/asndrop.json,2026-08-28T18:41:30.061245+00:00
AS135271,APNIC Network,true,high,Spamhaus ASN-DROP,Spamhaus,https://www.spamhaus.org/drop/asndrop.json,2026-08-28T18:41:30.061245+00:00
AS135388,RMP Protection Limited,true,high,Spamhaus ASN-DROP,Spamhaus,https://www.spamhaus.org/drop/asndrop.json,2026-08-28T18:41:30.061245+00:00
AS135752,Evoke Digital Solutions,true,high,Spamhaus ASN-DROP,Spamhaus,https://www.spamhaus.org/drop/asndrop.json,2026-08-28T18:41:30.061245+00:00
AS136367,HERBZOOT HEALTHCARE PVT LTD,true,high,Spamhaus ASN-DROP,Spamhaus,https://www.spamhaus.org/drop/asndrop.json,2026-08-28T18:41:30.061245+00:00
AS136923,WitLayer Technologies Inc,true,high,Spamhaus ASN-DROP,Spamhaus,https://www.spamhaus.org/drop/asndrop.json,2026-08-28T18:41:30.061245+00:00
AS137156,Blueberry Web - Solutions Pvt Ltd,true,high,Spamhaus ASN-DROP,Spamhaus,https://www.spamhaus.org/drop/asndrop.json,2026-08-28T18:41:30.061245+00:00
AS138687,Xdeer Limited,true,high,Spamhaus ASN-DROP,Spamhaus,https://www.spamhaus.org/drop/asndrop.json,2026-08-28T18:41:30.061245+00:00
AS138749,Robustedge Software And Digital Networks Pvt. Ltd.,true,high,Spamhaus ASN-DROP,Spamhaus,https://www.spamhaus.org/drop/asndrop.json,2026-08-28T18:41:30.061245+00:00
AS138808,PT. Intech Esa Mandiri,true,high,Spamhaus ASN-DROP,Spamhaus,https://www.spamhaus.org/drop/asndrop.json,2026-08-28T18:41:30.061245+00:00
AS138915,Kaopu Cloud HK Limited,true,high,Spamhaus ASN-DROP,Spamhaus,https://www.spamhaus.org/drop/asndrop.json,2026-08-28T18:41:30.061245+00:00
AS138968,rainbow network limited,true,high,Spamhaus ASN-DROP,Spamhaus,https://www.spamhaus.org/drop/asndrop.json,2026-08-28T18:41:30.061245+00:00
AS140125,Cyberautics Softwares,true,high,Spamhaus ASN-DROP,Spamhaus,https://www.spamhaus.org/drop/asndrop.json,2026-08-28T18:41:30.061245+00:00
AS140129,Maba Safenet Broadband Services Private Limited,true,high,Spamhaus ASN-DROP,Spamhaus,https://www.spamhaus.org/drop/asndrop.json,2026-08-28T18:41:30.061245+00:00
AS140155,The Pinnacle Group Inc,true,high,Spamhaus ASN-DROP,Spamhaus,https://www.spamhaus.org/drop/asndrop.json,2026-08-28T18:41:30.061245+00:00
AS140184,Sfns Network Private Limited,true,high,Spamhaus ASN-DROP,Spamhaus,https://www.spamhaus.org/drop/asndrop.json,2026-08-28T18:41:30.061245+00:00
AS140208,OBHost,true,high,Spamhaus ASN-DROP,Spamhaus,https://www.spamhaus.org/drop/asndrop.json,2026-08-28T18:41:30.061245+00:00
AS140787,LAM A ARCHITECTURE CONSTRUCTION COMPANY LIMITED,true,high,Spamhaus ASN-DROP,Spamhaus,https://www.spamhaus.org/drop/asndrop.json,2026-08-28T18:41:30.061245+00:00
AS140869,Turing Group Limited,true,high,Spamhaus ASN-DROP,Spamhaus,https://www.spamhaus.org/drop/asndrop.json,2026-08-28T18:41:30.061245+00:00
AS140941,Full Time Hosting,true,high,Spamhaus ASN-DROP,Spamhaus,https://www.spamhaus.org/drop/asndrop.json,2026-08-28T18:41:30.061245+00:00
AS141333,Rocket Media Group,true,high,Spamhaus ASN-DROP,Spamhaus,https://www.spamhaus.org/drop/asndrop.json,2026-08-28T18:41:30.061245+00:00
AS141567,Interspire Addon,true,high,Spamhaus ASN-DROP,Spamhaus,https://www.spamhaus.org/drop/asndrop.json,2026-08-28T18:41:30.061245+00:00
AS141738,noorhost.com.bd,true,high,Spamhaus ASN-DROP,Spamhaus,https://www.spamhaus.org/drop/asndrop.json,2026-08-28T18:41:30.061245+00:00
AS141803,INVISION CHIP TECHNO SOFT,true,high,Spamhaus ASN-DROP,Spamhaus,https://www.spamhaus.org/drop/asndrop.json,2026-08-28T18:41:30.061245+00:00
AS141835,IMPACT SOFTWARES,true,high,Spamhaus ASN-DROP,Spamhaus,https://www.spamhaus.org/drop/asndrop.json,2026-08-28T18:41:30.061245+00:00
AS141836,IMAGINE TECHNO SOFT,true,high,Spamhaus ASN-DROP,Spamhaus,https://www.spamhaus.org/drop/asndrop.json,2026-08-28T18:41:30.061245+00:00
AS141853,SRJN HOSPITALITY PRIVATE LIMITED,true,high,Spamhaus ASN-DROP,Spamhaus,https://www.spamhaus.org/drop/asndrop.json,2026-08-28T18:41:30.061245+00:00
AS141875,Zen4 Soft Solution,true,high,Spamhaus ASN-DROP,Spamhaus,https://www.spamhaus.org/drop/asndrop.json,2026-08-28T18:41:30.061245+00:00
AS142002,Scloud Pte Ltd,true,high,Spamhaus ASN-DROP,Spamhaus,https://www.spamhaus.org/drop/asndrop.json,2026-08-28T18:41:30.061245+00:00
AS142062,qlhost,true,high,Spamhaus ASN-DROP,Spamhaus,https://www.spamhaus.org/drop/asndrop.json,2026-08-28T18:41:30.061245+00:00
AS142430,DIGI VPS,true,high,Spamhaus ASN-DROP,Spamhaus,https://www.spamhaus.org/drop/asndrop.json,2026-08-28T18:41:30.061245+00:00
AS142519,Smtpmailers Pvt Ltd,true,high,Spamhaus ASN-DROP,Spamhaus,https://www.spamhaus.org/drop/asndrop.json,2026-08-28T18:41:30.061245+00:00
AS142622,Dream Information Laboratory,true,high,Spamhaus ASN-DROP,Spamhaus,https://www.spamhaus.org/drop/asndrop.json,2026-08-28T18:41:30.061245+00:00
AS146887,APNIC ASN block,true,high,Spamhaus ASN-DROP,Spamhaus,https://www.spamhaus.org/drop/asndrop.json,2026-08-28T18:41:30.061245+00:00
AS147034,barebox.com.bd,true,high,Spamhaus ASN-DROP,Spamhaus,https://www.spamhaus.org/drop/asndrop.json,2026-08-28T18:41:30.061245+00:00
AS147211,PRAGATHI ENTERPRISES,true,high,Spamhaus ASN-DROP,Spamhaus,https://www.spamhaus.org/drop/asndrop.json,2026-08-28T18:41:30.061245+00:00
AS147269,Datawings Teleinfra Pvt Ltd,true,high,Spamhaus ASN-DROP,Spamhaus,https://www.spamhaus.org/drop/asndrop.json,2026-08-28T18:41:30.061245+00:00
AS147287,DATAPARADISE,true,high,Spamhaus ASN-DROP,Spamhaus,https://www.spamhaus.org/drop/asndrop.json,2026-08-28T18:41:30.061245+00:00
AS147291,KHALID GROUP,true,high,Spamhaus ASN-DROP,Spamhaus,https://www.spamhaus.org/drop/asndrop.json,2026-08-28T18:41:30.061245+00:00
AS149181,BHAGWAT SOFTWARE,true,high,Spamhaus ASN-DROP,Spamhaus,https://www.spamhaus.org/drop/asndrop.json,2026-08-28T18:41:30.061245+00:00
AS149196,Zaif Computers,true,high,Spamhaus ASN-DROP,Spamhaus,https://www.spamhaus.org/drop/asndrop.json,2026-08-28T18:41:30.061245+00:00
AS149197,Girdhari Computers,true,high,Spamhaus ASN-DROP,Spamhaus,https://www.spamhaus.org/drop/asndrop.json,2026-08-28T18:41:30.061245+00:00
AS149208,RAKESH TELESOFT,true,high,Spamhaus ASN-DROP,Spamhaus,https://www.spamhaus.org/drop/asndrop.json,2026-08-28T18:41:30.061245+00:00
AS149242,ANANYA COMPUTERS,true,high,Spamhaus ASN-DROP,Spamhaus,https://www.spamhaus.org/drop/asndrop.json,2026-08-28T18:41:30.061245+00:00
AS149286,net innovation llc,true,high,Spamhaus ASN-DROP,Spamhaus,https://www.spamhaus.org/drop/asndrop.json,2026-08-28T18:41:30.061245+00:00
AS149978,SPNHOST,true,high,Spamhaus ASN-DROP,Spamhaus,https://www.spamhaus.org/drop/asndrop.json,2026-08-28T18:41:30.061245+00:00
AS150030,ALGOZINI SERVICES PRIVATE LIMITED,true,high,Spamhaus ASN-DROP,Spamhaus,https://www.spamhaus.org/drop/asndrop.json,2026-08-28T18:41:30.061245+00:00
AS150036,HEEBS HEALTHCARE PRIVATE LIMITED,true,high,Spamhaus ASN-DROP,Spamhaus,https://www.spamhaus.org/drop/asndrop.json,2026-08-28T18:41:30.061245+00:00
AS150082,Garg Associate,true,high,Spamhaus ASN-DROP,Spamhaus,https://www.spamhaus.org/drop/asndrop.json,2026-08-28T18:41:30.061245+00:00
AS150091,VEDIMANTRA LIFECARE PRIVATE LIMITED,true,high,Spamhaus ASN-DROP,Spamhaus,https://www.spamhaus.org/drop/asndrop.json,2026-08-28T18:41:30.061245+00:00
AS150100,A Telecommunications Pvt Ltd.,true,high,Spamhaus ASN-DROP,Spamhaus,https://www.spamhaus.org/drop/asndrop.json,2026-08-28T18:41:30.061245+00:00
AS150101,Yash It Solutions,true,high,Spamhaus ASN-DROP,Spamhaus,https://www.spamhaus.org/drop/asndrop.json,2026-08-28T18:41:30.061245+00:00
AS150102,PRIYANKA SOLUTION AND SERVICES,true,high,Spamhaus ASN-DROP,Spamhaus,https://www.spamhaus.org/drop/asndrop.json,2026-08-28T18:41:30.061245+00:00
AS150604,Global Site Solution,true,high,Spamhaus ASN-DROP,Spamhaus,https://www.spamhaus.org/drop/asndrop.json,2026-08-28T18:41:30.061245+00:00
AS150813,Thoi MMO Company Limited,true,high,Spamhaus ASN-DROP,Spamhaus,https://www.spamhaus.org/drop/asndrop.json,2026-08-28T18:41:30.061245+00:00
AS150860,"JETCLOUD TECHNOLOGY CO., LTD",true,high,Spamhaus ASN-DROP,Spamhaus,https://www.spamhaus.org/drop/asndrop.json,2026-08-28T18:41:30.061245+00:00
AS151604,WEB WIRE SOLUTIONS,true,high,Spamhaus ASN-DROP,Spamhaus,https://www.spamhaus.org/drop/asndrop.json,2026-08-28T18:41:30.061245+00:00
AS152149,Ahamed IT,true,high,Spamhaus ASN-DROP,Spamhaus,https://www.spamhaus.org/drop/asndrop.json,2026-08-28T18:41:30.061245+00:00
AS152170,Sajib Web Host,true,high,Spamhaus ASN-DROP,Spamhaus,https://www.spamhaus.org/drop/asndrop.json,2026-08-28T18:41:30.061245+00:00
AS152192,GM Tech,true,high,Spamhaus ASN-DROP,Spamhaus,https://www.spamhaus.org/drop/asndrop.json,2026-08-28T18:41:30.061245+00:00
AS152194,CTG Server Limited,true,high,Spamhaus ASN-DROP,Spamhaus,https://www.spamhaus.org/drop/asndrop.json,2026-08-28T18:41:30.061245+00:00
AS152327,Rasu Web Host,true,high,Spamhaus ASN-DROP,Spamhaus,https://www.spamhaus.org/drop/asndrop.json,2026-08-28T18:41:30.061245+00:00
AS152485,Hosterdaddy Private Limited,true,high,Spamhaus ASN-DROP,Spamhaus,https://www.spamhaus.org/drop/asndrop.json,2026-08-28T18:41:30.061245+00:00
AS152486,Net Shield Infotech,true,high,Spamhaus ASN-DROP,Spamhaus,https://www.spamhaus.org/drop/asndrop.json,2026-08-28T18:41:30.061245+00:00
AS154177,LIGHT NODE LIMITED,true,high,Spamhaus ASN-DROP,Spamhaus,https://www.spamhaus.org/drop/asndrop.json,2026-08-28T18:41:30.061245+00:00
AS154206,CDN1.com Limited,true,high,Spamhaus ASN-DROP,Spamhaus,https://www.spamhaus.org/drop/asndrop.json,2026-08-28T18:41:30.061245+00:00
AS197170,TechTies Inc.,true,high,Spamhaus ASN-DROP,Spamhaus,https://www.spamhaus.org/drop/asndrop.json,2026-08-28T18:41:30.061245+00:00
AS197176,Chen Yulin,true,high,Spamhaus ASN-DROP,Spamhaus,https://www.spamhaus.org/drop/asndrop.json,2026-08-28T18:41:30.061245+00:00
AS197450,Sunucun Bilgi Iletisim Teknolojileri ve Ticaret Ltd. Sti.,true,high,Spamhaus ASN-DROP,Spamhaus,https://www.spamhaus.org/drop/asndrop.json,2026-08-28T18:41:30.061245+00:00
AS197555,SMARTMIETEN TECH PRIVATE LIMITED,true,high,Spamhaus ASN-DROP,Spamhaus,https://www.spamhaus.org/drop/asndrop.json,2026-08-28T18:41:30.061245+00:00
AS197769,VPS Dedicated LLC,true,high,Spamhaus ASN-DROP,Spamhaus,https://www.spamhaus.org/drop/asndrop.json,2026-08-28T18:41:30.061245+00:00
AS198071,Berch Solutions Limited,true,high,Spamhaus ASN-DROP,Spamhaus,https://www.spamhaus.org/drop/asndrop.json,2026-08-28T18:41:30.061245+00:00
AS198189,Throttle Limited,true,high,Spamhaus ASN-DROP,Spamhaus,https://www.spamhaus.org/drop/asndrop.json,2026-08-28T18:41:30.061245+00:00
AS198571,3xK Tech GmbH,true,high,Spamhaus ASN-DROP,Spamhaus,https://www.spamhaus.org/drop/asndrop.json,2026-08-28T18:41:30.061245+00:00
AS198926,Fazel Rezaei Kalantari,true,high,Spamhaus ASN-DROP,Spamhaus,https://www.spamhaus.org/drop/asndrop.json,2026-08-28T18:41:30.061245+00:00
AS198953,Proton66 OOO,true,high,Spamhaus ASN-DROP,Spamhaus,https://www.spamhaus.org/drop/asndrop.json,2026-08-28T18:41:30.061245+00:00
AS198981,NETSHIELD LTD,true,high,Spamhaus ASN-DROP,Spamhaus,https://www.spamhaus.org/drop/asndrop.json,2026-08-28T18:41:30.061245+00:00
AS199420,OOO Fly Engeneering Group,true,high,Spamhaus ASN-DROP,Spamhaus,https://www.spamhaus.org/drop/asndrop.json,2026-08-28T18:41:30.061245+00:00
AS199428,Alvaro Navas,true,high,Spamhaus ASN-DROP,Spamhaus,https://www.spamhaus.org/drop/asndrop.json,2026-08-28T18:41:30.061245+00:00
AS199467,Hossein Zangooei,true,high,Spamhaus ASN-DROP,Spamhaus,https://www.spamhaus.org/drop/asndrop.json,2026-08-28T18:41:30.061245+00:00
AS200010,Olfe Veri Merkezi Anonim Sirketi,true,high,Spamhaus ASN-DROP,Spamhaus,https://www.spamhaus.org/drop/asndrop.json,2026-08-28T18:41:30.061245+00:00
AS200051,RIZKI ABDUL AZIS,true,high,Spamhaus ASN-DROP,Spamhaus,https://www.spamhaus.org/drop/asndrop.json,2026-08-28T18:41:30.061245+00:00
AS200130,Simon Mariacher,true,high,Spamhaus ASN-DROP,Spamhaus,https://www.spamhaus.org/drop/asndrop.json,2026-08-28T18:41:30.061245+00:00
AS200373,3xK Tech GmbH,true,high,Spamhaus ASN-DROP,Spamhaus,https://www.spamhaus.org/drop/asndrop.json,2026-08-28T18:41:30.061245+00:00
AS200499,Enterprises Holding LTD,true,high,Spamhaus ASN-DROP,Spamhaus,https://www.spamhaus.org/drop/asndrop.json,2026-08-28T18:41:30.061245+00:00
AS200593,PROSPERO OOO,true,high,Spamhaus ASN-DROP,Spamhaus,https://www.spamhaus.org/drop/asndrop.json,2026-08-28T18:41:30.061245+00:00
AS200671,START BUILDING LTD,true,high,Spamhaus ASN-DROP,Spamhaus,https://www.spamhaus.org/drop/asndrop.json,2026-08-28T18:41:30.061245+00:00
AS200699,"Datashield, Inc.",true,high,Spamhaus ASN-DROP,Spamhaus,https://www.spamhaus.org/drop/asndrop.json,2026-08-28T18:41:30.061245+00:00
AS200912,Joel Krause,true,high,Spamhaus ASN-DROP,Spamhaus,https://www.spamhaus.org/drop/asndrop.json,2026-08-28T18:41:30.061245+00:00
AS201249,IPRO Sh.p.k.,true,high,Spamhaus ASN-DROP,Spamhaus,https://www.spamhaus.org/drop/asndrop.json,2026-08-28T18:41:30.061245+00:00
AS201292,Agrofirma Aleks PP,true,high,Spamhaus ASN-DROP,Spamhaus,https://www.spamhaus.org/drop/asndrop.json,2026-08-28T18:41:30.061245+00:00
AS201380,"LLC ""Alfa Biznes""",true,high,Spamhaus ASN-DROP,Spamhaus,https://www.spamhaus.org/drop/asndrop.json,2026-08-28T18:41:30.061245+00:00
AS201572,ECO-INITIATIVE LLC,true,high,Spamhaus ASN-DROP,Spamhaus,https://www.spamhaus.org/drop/asndrop.json,2026-08-28T18:41:30.061245+00:00
AS201626,Podillia-hotel PJSC,true,high,Spamhaus ASN-DROP,Spamhaus,https://www.spamhaus.org/drop/asndrop.json,2026-08-28T18:41:30.061245+00:00
AS201738,UFO TECHNOLOGIES LIMITED,true,high,Spamhaus ASN-DROP,Spamhaus,https://www.spamhaus.org/drop/asndrop.json,2026-08-28T18:41:30.061245+00:00
AS201813,Contrust Solutions S.R.L.,true,high,Spamhaus ASN-DROP,Spamhaus,https://www.spamhaus.org/drop/asndrop.json,2026-08-28T18:41:30.061245+00:00
AS201824,STAT CONSULTING LTD,true,high,Spamhaus ASN-DROP,Spamhaus,https://www.spamhaus.org/drop/asndrop.json,2026-08-28T18:41:30.061245+00:00
AS201836,Garant-Plus-Inform LLC,true,high,Spamhaus ASN-DROP,Spamhaus,https://www.spamhaus.org/drop/asndrop.json,2026-08-28T18:41:30.061245+00:00
AS202144,TOV CHEMPIR,true,high,Spamhaus ASN-DROP,Spamhaus,https://www.spamhaus.org/drop/asndrop.json,2026-08-28T18:41:30.061245+00:00
AS202171,"PP ""TORERO""",true,high,Spamhaus ASN-DROP,Spamhaus,https://www.spamhaus.org/drop/asndrop.json,2026-08-28T18:41:30.061245+00:00
AS202226,Emil Vitukhnovskii trading as Great Flower,true,high,Spamhaus ASN-DROP,Spamhaus,https://www.spamhaus.org/drop/asndrop.json,2026-08-28T18:41:30.061245+00:00
AS202267,PP DOBROSVIT-KREDO,true,high,Spamhaus ASN-DROP,Spamhaus,https://www.spamhaus.org/drop/asndrop.json,2026-08-28T18:41:30.061245+00:00
AS202302,NETH LLC,true,high,Spamhaus ASN-DROP,Spamhaus,https://www.spamhaus.org/drop/asndrop.json,2026-08-28T18:41:30.061245+00:00
AS202306,HOSTGLOBAL.PLUS LTD,true,high,Spamhaus ASN-DROP,Spamhaus,https://www.spamhaus.org/drop/asndrop.json,2026-08-28T18:41:30.061245+00:00
AS202318,ECO-INITIATIVE LLC,true,high,Spamhaus ASN-DROP,Spamhaus,https://www.spamhaus.org/drop/asndrop.json,2026-08-28T18:41:30.061245+00:00
AS202383,EL.K.STIL LLC,true,high,Spamhaus ASN-DROP,Spamhaus,https://www.spamhaus.org/drop/asndrop.json,2026-08-28T18:41:30.061245+00:00
AS202388,"KP ""CLUB NADIYA""",true,high,Spamhaus ASN-DROP,Spamhaus,https://www.spamhaus.org/drop/asndrop.json,2026-08-28T18:41:30.061245+00:00
AS202412,Omegatech LTD,true,high,Spamhaus ASN-DROP,Spamhaus,https://www.spamhaus.org/drop/asndrop.json,2026-08-28T18:41:30.061245+00:00
AS202425,IP Volume inc,true,high,Spamhaus ASN-DROP,Spamhaus,https://www.spamhaus.org/drop/asndrop.json,2026-08-28T18:41:30.061245+00:00
AS202481,"LTD ""Reapolis""",true,high,Spamhaus ASN-DROP,Spamhaus,https://www.spamhaus.org/drop/asndrop.json,2026-08-28T18:41:30.061245+00:00
AS203044,Telepatiya Ltd,true,high,Spamhaus ASN-DROP,Spamhaus,https://www.spamhaus.org/drop/asndrop.json,2026-08-28T18:41:30.061245+00:00
AS203120,Global Telecom Group LLC,true,high,Spamhaus ASN-DROP,Spamhaus,https://www.spamhaus.org/drop/asndrop.json,2026-08-28T18:41:30.061245+00:00
AS203273,NetCrafters OU,true,high,Spamhaus ASN-DROP,Spamhaus,https://www.spamhaus.org/drop/asndrop.json,2026-08-28T18:41:30.061245+00:00
AS203861,Miteflux Technologies Ltd,true,high,Spamhaus ASN-DROP,Spamhaus,https://www.spamhaus.org/drop/asndrop.json,2026-08-28T18:41:30.061245+00:00
AS203950,Contrust Solutions S.R.L.,true,high,Spamhaus ASN-DROP,Spamhaus,https://www.spamhaus.org/drop/asndrop.json,2026-08-28T18:41:30.061245+00:00
AS203999,Geekyworks IT Solutions Pvt Ltd,true,high,Spamhaus ASN-DROP,Spamhaus,https://www.spamhaus.org/drop/asndrop.json,2026-08-28T18:41:30.061245+00:00
AS204428,SS-Net,true,high,Spamhaus ASN-DROP,Spamhaus,https://www.spamhaus.org/drop/asndrop.json,2026-08-28T18:41:30.061245+00:00
AS204490,Kontel LLC,true,high,Spamhaus ASN-DROP,Spamhaus,https://www.spamhaus.org/drop/asndrop.json,2026-08-28T18:41:30.061245+00:00
AS204502,PE Commercial company Livela,true,high,Spamhaus ASN-DROP,Spamhaus,https://www.spamhaus.org/drop/asndrop.json,2026-08-28T18:41:30.061245+00:00
AS204552,POPILNYA.NET LLC,true,high,Spamhaus ASN-DROP,Spamhaus,https://www.spamhaus.org/drop/asndrop.json,2026-08-28T18:41:30.061245+00:00
AS204610,I.M.A. Software Future Solutions Ltd,true,high,Spamhaus ASN-DROP,Spamhaus,https://www.spamhaus.org/drop/asndrop.json,2026-08-28T18:41:30.061245+00:00
AS204794,Contrust Solutions S.R.L.,true,high,Spamhaus ASN-DROP,Spamhaus,https://www.spamhaus.org/drop/asndrop.json,2026-08-28T18:41:30.061245+00:00
AS204868,Contrust Solutions S.R.L.,true,high,Spamhaus ASN-DROP,Spamhaus,https://www.spamhaus.org/drop/asndrop.json,2026-08-28T18:41:30.061245+00:00
AS204872,Contrust Solutions S.R.L.,true,high,Spamhaus ASN-DROP,Spamhaus,https://www.spamhaus.org/drop/asndrop.json,2026-08-28T18:41:30.061245+00:00
AS205083,"Datashield, Inc.",true,high,Spamhaus ASN-DROP,Spamhaus,https://www.spamhaus.org/drop/asndrop.json,2026-08-28T18:41:30.061245+00:00
AS205301,Contrust Solutions S.R.L.,true,high,Spamhaus ASN-DROP,Spamhaus,https://www.spamhaus.org/drop/asndrop.json,2026-08-28T18:41:30.061245+00:00
AS205397,69HOST LLC,true,high,Spamhaus ASN-DROP,Spamhaus,https://www.spamhaus.org/drop/asndrop.json,2026-08-28T18:41:30.061245+00:00
AS205486,LUAN KLEBER GOMES FARIAS,true,high,Spamhaus ASN-DROP,Spamhaus,https://www.spamhaus.org/drop/asndrop.json,2026-08-28T18:41:30.061245+00:00
AS205745,Contrust Solutions S.R.L.,true,high,Spamhaus ASN-DROP,Spamhaus,https://www.spamhaus.org/drop/asndrop.json,2026-08-28T18:41:30.061245+00:00
AS205759,Ghosty Networks LLC,true,high,Spamhaus ASN-DROP,Spamhaus,https://www.spamhaus.org/drop/asndrop.json,2026-08-28T18:41:30.061245+00:00
AS205770,Contrust Solutions S.R.L.,true,high,Spamhaus ASN-DROP,Spamhaus,https://www.spamhaus.org/drop/asndrop.json,2026-08-28T18:41:30.061245+00:00
AS205775,NEON CORE NETWORK LLC,true,high,Spamhaus ASN-DROP,Spamhaus,https://www.spamhaus.org/drop/asndrop.json,2026-08-28T18:41:30.061245+00:00
AS205884,Contrust Solutions S.R.L.,true,high,Spamhaus ASN-DROP,Spamhaus,https://www.spamhaus.org/drop/asndrop.json,2026-08-28T18:41:30.061245+00:00
AS206005,Contrust Solutions S.R.L.,true,high,Spamhaus ASN-DROP,Spamhaus,https://www.spamhaus.org/drop/asndrop.json,2026-08-28T18:41:30.061245+00:00
AS206127,Contrust Solutions S.R.L.,true,high,Spamhaus ASN-DROP,Spamhaus,https://www.spamhaus.org/drop/asndrop.json,2026-08-28T18:41:30.061245+00:00
AS206305,Contrust Solutions S.R.L.,true,high,Spamhaus ASN-DROP,Spamhaus,https://www.spamhaus.org/drop/asndrop.json,2026-08-28T18:41:30.061245+00:00
AS206340,Contrust Solutions S.R.L.,true,high,Spamhaus ASN-DROP,Spamhaus,https://www.spamhaus.org/drop/asndrop.json,2026-08-28T18:41:30.061245+00:00
AS206413,Contrust Solutions S.R.L.,true,high,Spamhaus ASN-DROP,Spamhaus,https://www.spamhaus.org/drop/asndrop.json,2026-08-28T18:41:30.061245+00:00
AS206479,AceRDP Ltd,true,high,Spamhaus ASN-DROP,Spamhaus,https://www.spamhaus.org/drop/asndrop.json,2026-08-28T18:41:30.061245+00:00
AS206535,Contrust Solutions S.R.L.,true,high,Spamhaus ASN-DROP,Spamhaus,https://www.spamhaus.org/drop/asndrop.json,2026-08-28T18:41:30.061245+00:00
AS206560,Contrust Solutions S.R.L.,true,high,Spamhaus ASN-DROP,Spamhaus,https://www.spamhaus.org/drop/asndrop.json,2026-08-28T18:41:30.061245+00:00
AS206582,Contrust Solutions S.R.L.,true,high,Spamhaus ASN-DROP,Spamhaus,https://www.spamhaus.org/drop/asndrop.json,2026-08-28T18:41:30.061245+00:00
AS206590,Contrust Solutions S.R.L.,true,high,Spamhaus ASN-DROP,Spamhaus,https://www.spamhaus.org/drop/asndrop.json,2026-08-28T18:41:30.061245+00:00
AS206623,Contrust Solutions S.R.L.,true,high,Spamhaus ASN-DROP,Spamhaus,https://www.spamhaus.org/drop/asndrop.json,2026-08-28T18:41:30.061245+00:00
AS206644,Contrust Solutions S.R.L.,true,high,Spamhaus ASN-DROP,Spamhaus,https://www.spamhaus.org/drop/asndrop.json,2026-08-28T18:41:30.061245+00:00
AS206728,Media Land LLC,true,high,Spamhaus ASN-DROP,Spamhaus,https://www.spamhaus.org/drop/asndrop.json,2026-08-28T18:41:30.061245+00:00
AS206744,Contrust Solutions S.R.L.,true,high,Spamhaus ASN-DROP,Spamhaus,https://www.spamhaus.org/drop/asndrop.json,2026-08-28T18:41:30.061245+00:00
AS206750,Contrust Solutions S.R.L.,true,high,Spamhaus ASN-DROP,Spamhaus,https://www.spamhaus.org/drop/asndrop.json,2026-08-28T18:41:30.061245+00:00
AS207043,DEDIK SERVICES LIMITED,true,high,Spamhaus ASN-DROP,Spamhaus,https://www.spamhaus.org/drop/asndrop.json,2026-08-28T18:41:30.061245+00:00
AS207088,ADOARD GLOBAL REACH LLC,true,high,Spamhaus ASN-DROP,Spamhaus,https://www.spamhaus.org/drop/asndrop.json,2026-08-28T18:41:30.061245+00:00
AS207184,TELCHAK GOLD VENTURES (PRIVATE) LIMITED,true,high,Spamhaus ASN-DROP,Spamhaus,https://www.spamhaus.org/drop/asndrop.json,2026-08-28T18:41:30.061245+00:00
AS207566,Chang Way Technologies Co. Limited,true,high,Spamhaus ASN-DROP,Spamhaus,https://www.spamhaus.org/drop/asndrop.json,2026-08-28T18:41:30.061245+00:00
AS207812,DM AUTO EOOD,true,high,Spamhaus ASN-DROP,Spamhaus,https://www.spamhaus.org/drop/asndrop.json,2026-08-28T18:41:30.061245+00:00
AS207957,SERV.HOST GROUP LTD,true,high,Spamhaus ASN-DROP,Spamhaus,https://www.spamhaus.org/drop/asndrop.json,2026-08-28T18:41:30.061245+00:00
AS207986,LLC OZON BANK,true,high,Spamhaus ASN-DROP,Spamhaus,https://www.spamhaus.org/drop/asndrop.json,2026-08-28T18:41:30.061245+00:00
AS208137,Feo Prest SRL,true,high,Spamhaus ASN-DROP,Spamhaus,https://www.spamhaus.org/drop/asndrop.json,2026-08-28T18:41:30.061245+00:00
AS208185,Net Gate Telecom S.R.L.,true,high,Spamhaus ASN-DROP,Spamhaus,https://www.spamhaus.org/drop/asndrop.json,2026-08-28T18:41:30.061245+00:00
AS208198,Nese Mala,true,high,Spamhaus ASN-DROP,Spamhaus,https://www.spamhaus.org/drop/asndrop.json,2026-08-28T18:41:30.061245+00:00
AS208241,"""RADIO-LINK PLUS"" LLC",true,high,Spamhaus ASN-DROP,Spamhaus,https://www.spamhaus.org/drop/asndrop.json,2026-08-28T18:41:30.061245+00:00
AS208317,Contrust Solutions S.R.L.,true,high,Spamhaus ASN-DROP,Spamhaus,https://www.spamhaus.org/drop/asndrop.json,2026-08-28T18:41:30.061245+00:00
AS208525,Airu Limited,true,high,Spamhaus ASN-DROP,Spamhaus,https://www.spamhaus.org/drop/asndrop.json,2026-08-28T18:41:30.061245+00:00
AS208846,"LLC ""ATOM3""",true,high,Spamhaus ASN-DROP,Spamhaus,https://www.spamhaus.org/drop/asndrop.json,2026-08-28T18:41:30.061245+00:00
AS209121,LLC BIGNET UKRAINE,true,high,Spamhaus ASN-DROP,Spamhaus,https://www.spamhaus.org/drop/asndrop.json,2026-08-28T18:41:30.061245+00:00
AS209274,Kraken Network ISP LTD,true,high,Spamhaus ASN-DROP,Spamhaus,https://www.spamhaus.org/drop/asndrop.json,2026-08-28T18:41:30.061245+00:00
AS209373,SWISSNET LLC,true,high,Spamhaus ASN-DROP,Spamhaus,https://www.spamhaus.org/drop/asndrop.json,2026-08-28T18:41:30.061245+00:00
AS209375,Contrust Solutions S.R.L.,true,high,Spamhaus ASN-DROP,Spamhaus,https://www.spamhaus.org/drop/asndrop.json,2026-08-28T18:41:30.061245+00:00
AS209396,Contrust Solutions S.R.L.,true,high,Spamhaus ASN-DROP,Spamhaus,https://www.spamhaus.org/drop/asndrop.json,2026-08-28T18:41:30.061245+00:00
AS209413,DEDIK SERVICES LIMITED,true,high,Spamhaus ASN-DROP,Spamhaus,https://www.spamhaus.org/drop/asndrop.json,2026-08-28T18:41:30.061245+00:00
AS209425,KOI CLOUD SERVICES (Pty) Ltd,true,high,Spamhaus ASN-DROP,Spamhaus,https://www.spamhaus.org/drop/asndrop.json,2026-08-28T18:41:30.061245+00:00
AS209605,UAB Host Baltic,true,high,Spamhaus ASN-DROP,Spamhaus,https://www.spamhaus.org/drop/asndrop.json,2026-08-28T18:41:30.061245+00:00
AS209847,WorkTitans B.V.,true,high,Spamhaus ASN-DROP,Spamhaus,https://www.spamhaus.org/drop/asndrop.json,2026-08-28T18:41:30.061245+00:00
AS209868,Contrust Solutions S.R.L.,true,high,Spamhaus ASN-DROP,Spamhaus,https://www.spamhaus.org/drop/asndrop.json,2026-08-28T18:41:30.061245+00:00
AS209883,Contrust Solutions S.R.L.,true,high,Spamhaus ASN-DROP,Spamhaus,https://www.spamhaus.org/drop/asndrop.json,2026-08-28T18:41:30.061245+00:00
AS209889,Contrust Solutions S.R.L.,true,high,Spamhaus ASN-DROP,Spamhaus,https://www.spamhaus.org/drop/asndrop.json,2026-08-28T18:41:30.061245+00:00
AS209896,Contrust Solutions S.R.L.,true,high,Spamhaus ASN-DROP,Spamhaus,https://www.spamhaus.org/drop/asndrop.json,2026-08-28T18:41:30.061245+00:00
AS209944,Contrust Solutions S.R.L.,true,high,Spamhaus ASN-DROP,Spamhaus,https://www.spamhaus.org/drop/asndrop.json,2026-08-28T18:41:30.061245+00:00
AS209946,ALINDA LLC,true,high,Spamhaus ASN-DROP,Spamhaus,https://www.spamhaus.org/drop/asndrop.json,2026-08-28T18:41:30.061245+00:00
AS209961,Contrust Solutions S.R.L.,true,high,Spamhaus ASN-DROP,Spamhaus,https://www.spamhaus.org/drop/asndrop.json,2026-08-28T18:41:30.061245+00:00
AS209963,Contrust Solutions S.R.L.,true,high,Spamhaus ASN-DROP,Spamhaus,https://www.spamhaus.org/drop/asndrop.json,2026-08-28T18:41:30.061245+00:00
AS209982,Contrust Solutions S.R.L.,true,high,Spamhaus ASN-DROP,Spamhaus,https://www.spamhaus.org/drop/asndrop.json,2026-08-28T18:41:30.061245+00:00
AS210006,Shereverov Marat Ahmedovich,true,high,Spamhaus ASN-DROP,Spamhaus,https://www.spamhaus.org/drop/asndrop.json,2026-08-28T18:41:30.061245+00:00
AS210240,New Communication Technologies LLC,true,high,Spamhaus ASN-DROP,Spamhaus,https://www.spamhaus.org/drop/asndrop.json,2026-08-28T18:41:30.061245+00:00
AS210316,"CJSC ""SCIENTIFIC AND PRODUCTION FIRM ""ELEKOMS""""",true,high,Spamhaus ASN-DROP,Spamhaus,https://www.spamhaus.org/drop/asndrop.json,2026-08-28T18:41:30.061245+00:00
AS210457,Kyonix Networks Limited,true,high,Spamhaus ASN-DROP,Spamhaus,https://www.spamhaus.org/drop/asndrop.json,2026-08-28T18:41:30.061245+00:00
AS210530,IP Connect Inc,true,high,Spamhaus ASN-DROP,Spamhaus,https://www.spamhaus.org/drop/asndrop.json,2026-08-28T18:41:30.061245+00:00
AS210546,CHSL ONE LTD,true,high,Spamhaus ASN-DROP,Spamhaus,https://www.spamhaus.org/drop/asndrop.json,2026-08-28T18:41:30.061245+00:00
AS210558,1337 Services GmbH,true,high,Spamhaus ASN-DROP,Spamhaus,https://www.spamhaus.org/drop/asndrop.json,2026-08-28T18:41:30.061245+00:00
AS210644,Aéza International Limited,true,high,Spamhaus ASN-DROP,Spamhaus,https://www.spamhaus.org/drop/asndrop.json,2026-08-28T18:41:30.061245+00:00
AS210654,Des Capital B.V.,true,high,Spamhaus ASN-DROP,Spamhaus,https://www.spamhaus.org/drop/asndrop.json,2026-08-28T18:41:30.061245+00:00
AS210703,FIRSTBYTE HOSTING LTD,true,high,Spamhaus ASN-DROP,Spamhaus,https://www.spamhaus.org/drop/asndrop.json,2026-08-28T18:41:30.061245+00:00
AS210705,Ali Monfared,true,high,Spamhaus ASN-DROP,Spamhaus,https://www.spamhaus.org/drop/asndrop.json,2026-08-28T18:41:30.061245+00:00
AS210707,Dadeh Pardazesh Boroumand Kerman co. LLC,true,high,Spamhaus ASN-DROP,Spamhaus,https://www.spamhaus.org/drop/asndrop.json,2026-08-28T18:41:30.061245+00:00
AS210714,Orhan Turkan,true,high,Spamhaus ASN-DROP,Spamhaus,https://www.spamhaus.org/drop/asndrop.json,2026-08-28T18:41:30.061245+00:00
AS210848,Telkom Internet LTD,true,high,Spamhaus ASN-DROP,Spamhaus,https://www.spamhaus.org/drop/asndrop.json,2026-08-28T18:41:30.061245+00:00
AS210950,TOV E-RISHENNYA,true,high,Spamhaus ASN-DROP,Spamhaus,https://www.spamhaus.org/drop/asndrop.json,2026-08-28T18:41:30.061245+00:00
AS211066,Simon Mariacher,true,high,Spamhaus ASN-DROP,Spamhaus,https://www.spamhaus.org/drop/asndrop.json,2026-08-28T18:41:30.061245+00:00
AS211121,Tiger Network Limited,true,high,Spamhaus ASN-DROP,Spamhaus,https://www.spamhaus.org/drop/asndrop.json,2026-08-28T18:41:30.061245+00:00
AS211199,LLC BIGNET UKRAINE,true,high,Spamhaus ASN-DROP,Spamhaus,https://www.spamhaus.org/drop/asndrop.json,2026-08-28T18:41:30.061245+00:00
AS211238,Dedicated Cyber Limited,true,high,Spamhaus ASN-DROP,Spamhaus,https://www.spamhaus.org/drop/asndrop.json,2026-08-28T18:41:30.061245+00:00
AS211619,MAXKO d.o.o.,true,high,Spamhaus ASN-DROP,Spamhaus,https://www.spamhaus.org/drop/asndrop.json,2026-08-28T18:41:30.061245+00:00
AS211663,GALEON LLC,true,high,Spamhaus ASN-DROP,Spamhaus,https://www.spamhaus.org/drop/asndrop.json,2026-08-28T18:41:30.061245+00:00
AS211720,"Datashield, Inc.",true,high,Spamhaus ASN-DROP,Spamhaus,https://www.spamhaus.org/drop/asndrop.json,2026-08-28T18:41:30.061245+00:00
AS211736,FOP Dmytro Nedilskyi,true,high,Spamhaus ASN-DROP,Spamhaus,https://www.spamhaus.org/drop/asndrop.json,2026-08-28T18:41:30.061245+00:00
AS211762,Region40 LLC,true,high,Spamhaus ASN-DROP,Spamhaus,https://www.spamhaus.org/drop/asndrop.json,2026-08-28T18:41:30.061245+00:00
AS211860,Nerushenko Vyacheslav Nikolaevich,true,high,Spamhaus ASN-DROP,Spamhaus,https://www.spamhaus.org/drop/asndrop.json,2026-08-28T18:41:30.061245+00:00
AS211922,IP Connect Inc,true,high,Spamhaus ASN-DROP,Spamhaus,https://www.spamhaus.org/drop/asndrop.json,2026-08-28T18:41:30.061245+00:00
AS211955,NOTBAD HOSTING LTD,true,high,Spamhaus ASN-DROP,Spamhaus,https://www.spamhaus.org/drop/asndrop.json,2026-08-28T18:41:30.061245+00:00
AS212017,Gerardo Cubillo Torralba Empresa Constructora S.L,true,high,Spamhaus ASN-DROP,Spamhaus,https://www.spamhaus.org/drop/asndrop.json,2026-08-28T18:41:30.061245+00:00
AS212283,ROZA HOLIDAYS EOOD,true,high,Spamhaus ASN-DROP,Spamhaus,https://www.spamhaus.org/drop/asndrop.json,2026-08-28T18:41:30.061245+00:00
AS212448,Turkbil Teknoloji Ltd. Sti.,true,high,Spamhaus ASN-DROP,Spamhaus,https://www.spamhaus.org/drop/asndrop.json,2026-08-28T18:41:30.061245+00:00
AS212622,LIVE COMM LLC,true,high,Spamhaus ASN-DROP,Spamhaus,https://www.spamhaus.org/drop/asndrop.json,2026-08-28T18:41:30.061245+00:00
AS212651,D-CONECT LLC,true,high,Spamhaus ASN-DROP,Spamhaus,https://www.spamhaus.org/drop/asndrop.json,2026-08-28T18:41:30.061245+00:00
AS212666,Sabire Irmak Mala,true,high,Spamhaus ASN-DROP,Spamhaus,https://www.spamhaus.org/drop/asndrop.json,2026-08-28T18:41:30.061245+00:00
AS212867,Sipalto Ltd,true,high,Spamhaus ASN-DROP,Spamhaus,https://www.spamhaus.org/drop/asndrop.json,2026-08-28T18:41:30.061245+00:00
AS213035,Serverion,true,high,Spamhaus ASN-DROP,Spamhaus,https://www.spamhaus.org/drop/asndrop.json,2026-08-28T18:41:30.061245+00:00
AS213137,Contrust Solutions S.R.L.,true,high,Spamhaus ASN-DROP,Spamhaus,https://www.spamhaus.org/drop/asndrop.json,2026-08-28T18:41:30.061245+00:00
AS213200,Ferdinand Zink trading as Tube-Hosting,true,high,Spamhaus ASN-DROP,Spamhaus,https://www.spamhaus.org/drop/asndrop.json,2026-08-28T18:41:30.061245+00:00
AS213373,IP Connect Inc,true,high,Spamhaus ASN-DROP,Spamhaus,https://www.spamhaus.org/drop/asndrop.json,2026-08-28T18:41:30.061245+00:00
AS213388,Miguel Viegas,true,high,Spamhaus ASN-DROP,Spamhaus,https://www.spamhaus.org/drop/asndrop.json,2026-08-28T18:41:30.061245+00:00
AS213389,Podolskie opticheskie seti Ltd.,true,high,Spamhaus ASN-DROP,Spamhaus,https://www.spamhaus.org/drop/asndrop.json,2026-08-28T18:41:30.061245+00:00
AS213438,ColocaTel Inc.,true,high,Spamhaus ASN-DROP,Spamhaus,https://www.spamhaus.org/drop/asndrop.json,2026-08-28T18:41:30.061245+00:00
AS213441,SLAYER GROUP LIMITED,true,high,Spamhaus ASN-DROP,Spamhaus,https://www.spamhaus.org/drop/asndrop.json,2026-08-28T18:41:30.061245+00:00
AS213474,HomeLine Broadband LLC,true,high,Spamhaus ASN-DROP,Spamhaus,https://www.spamhaus.org/drop/asndrop.json,2026-08-28T18:41:30.061245+00:00
AS213511,VSVK Onderhoud B.V.,true,high,Spamhaus ASN-DROP,Spamhaus,https://www.spamhaus.org/drop/asndrop.json,2026-08-28T18:41:30.061245+00:00
AS213652,Sunucun Bilgi Iletisim Teknolojileri ve Ticaret Ltd. Sti.,true,high,Spamhaus ASN-DROP,Spamhaus,https://www.spamhaus.org/drop/asndrop.json,2026-08-28T18:41:30.061245+00:00
AS213702,QWINS LTD,true,high,Spamhaus ASN-DROP,Spamhaus,https://www.spamhaus.org/drop/asndrop.json,2026-08-28T18:41:30.061245+00:00
AS213753,InterEdge B.V.,true,high,Spamhaus ASN-DROP,Spamhaus,https://www.spamhaus.org/drop/asndrop.json,2026-08-28T18:41:30.061245+00:00
AS213790,Limited Network LTD,true,high,Spamhaus ASN-DROP,Spamhaus,https://www.spamhaus.org/drop/asndrop.json,2026-08-28T18:41:30.061245+00:00
AS213832,LayerSentry LLC,true,high,Spamhaus ASN-DROP,Spamhaus,https://www.spamhaus.org/drop/asndrop.json,2026-08-28T18:41:30.061245+00:00
AS213897,BUBBLES ALTER LIMITED,true,high,Spamhaus ASN-DROP,Spamhaus,https://www.spamhaus.org/drop/asndrop.json,2026-08-28T18:41:30.061245+00:00
AS213921,DAVID ASCOTT MOTORS LTD,true,high,Spamhaus ASN-DROP,Spamhaus,https://www.spamhaus.org/drop/asndrop.json,2026-08-28T18:41:30.061245+00:00
AS213995,Belenkii Ivan Alexandrovich,true,high,Spamhaus ASN-DROP,Spamhaus,https://www.spamhaus.org/drop/asndrop.json,2026-08-28T18:41:30.061245+00:00
AS213999,WorkTitans B.V.,true,high,Spamhaus ASN-DROP,Spamhaus,https://www.spamhaus.org/drop/asndrop.json,2026-08-28T18:41:30.061245+00:00
AS214018,INTERNET INTELLIGENCE COMPANY LTD,true,high,Spamhaus ASN-DROP,Spamhaus,https://www.spamhaus.org/drop/asndrop.json,2026-08-28T18:41:30.061245+00:00
AS214351,FEMO IT SOLUTIONS LIMITED,true,high,Spamhaus ASN-DROP,Spamhaus,https://www.spamhaus.org/drop/asndrop.json,2026-08-28T18:41:30.061245+00:00
AS214357,Abdolmajid Mashayekhi,true,high,Spamhaus ASN-DROP,Spamhaus,https://www.spamhaus.org/drop/asndrop.json,2026-08-28T18:41:30.061245+00:00
AS214422,Dmytro Nebaba,true,high,Spamhaus ASN-DROP,Spamhaus,https://www.spamhaus.org/drop/asndrop.json,2026-08-28T18:41:30.061245+00:00
AS214497,"Whitelabel Solutions, Ltd.",true,high,Spamhaus ASN-DROP,Spamhaus,https://www.spamhaus.org/drop/asndrop.json,2026-08-28T18:41:30.061245+00:00
AS214576,Berdiev Ruslan Mukhabatovich,true,high,Spamhaus ASN-DROP,Spamhaus,https://www.spamhaus.org/drop/asndrop.json,2026-08-28T18:41:30.061245+00:00
AS214717,DolphinHost Limited,true,high,Spamhaus ASN-DROP,Spamhaus,https://www.spamhaus.org/drop/asndrop.json,2026-08-28T18:41:30.061245+00:00
AS214927,PSB HOSTING LTD,true,high,Spamhaus ASN-DROP,Spamhaus,https://www.spamhaus.org/drop/asndrop.json,2026-08-28T18:41:30.061245+00:00
AS215117,HosterDaddy Private Limited,true,high,Spamhaus ASN-DROP,Spamhaus,https://www.spamhaus.org/drop/asndrop.json,2026-08-28T18:41:30.061245+00:00
AS215136,Finn Hess trading as Ryzehosting,true,high,Spamhaus ASN-DROP,Spamhaus,https://www.spamhaus.org/drop/asndrop.json,2026-08-28T18:41:30.061245+00:00
AS215183,ZHAIKOV AITOLKYN BEKBOLATKYZY,true,high,Spamhaus ASN-DROP,Spamhaus,https://www.spamhaus.org/drop/asndrop.json,2026-08-28T18:41:30.061245+00:00
AS215310,Pfcloud UG (haftungsbeschrankt),true,high,Spamhaus ASN-DROP,Spamhaus,https://www.spamhaus.org/drop/asndrop.json,2026-08-28T18:41:30.061245+00:00
AS215311,Regxa Company for Information Technology Ltd,true,high,Spamhaus ASN-DROP,Spamhaus,https://www.spamhaus.org/drop/asndrop.json,2026-08-28T18:41:30.061245+00:00
AS215340,Huize Telecom Limited,true,high,Spamhaus ASN-DROP,Spamhaus,https://www.spamhaus.org/drop/asndrop.json,2026-08-28T18:41:30.061245+00:00
AS215376,ML Cloud Ltd,true,high,Spamhaus ASN-DROP,Spamhaus,https://www.spamhaus.org/drop/asndrop.json,2026-08-28T18:41:30.061245+00:00
AS215402,Asadov Ruslan Rafaelevich,true,high,Spamhaus ASN-DROP,Spamhaus,https://www.spamhaus.org/drop/asndrop.json,2026-08-28T18:41:30.061245+00:00
AS215460,Daniel Mishayev,true,high,Spamhaus ASN-DROP,Spamhaus,https://www.spamhaus.org/drop/asndrop.json,2026-08-28T18:41:30.061245+00:00
AS215462,Noel Nayasha Materke,true,high,Spamhaus ASN-DROP,Spamhaus,https://www.spamhaus.org/drop/asndrop.json,2026-08-28T18:41:30.061245+00:00
AS215474,BIIL RU LTD,true,high,Spamhaus ASN-DROP,Spamhaus,https://www.spamhaus.org/drop/asndrop.json,2026-08-28T18:41:30.061245+00:00
AS215730,H2NEXUS CLOUD SERVICES - FZCO,true,high,Spamhaus ASN-DROP,Spamhaus,https://www.spamhaus.org/drop/asndrop.json,2026-08-28T18:41:30.061245+00:00
AS215731,Novus Labs Limited,true,high,Spamhaus ASN-DROP,Spamhaus,https://www.spamhaus.org/drop/asndrop.json,2026-08-28T18:41:30.061245+00:00
AS215765,"""RADIO-LINK SMART"" LLC",true,high,Spamhaus ASN-DROP,Spamhaus,https://www.spamhaus.org/drop/asndrop.json,2026-08-28T18:41:30.061245+00:00
AS215925,VPSVAULT.HOST LTD,true,high,Spamhaus ASN-DROP,Spamhaus,https://www.spamhaus.org/drop/asndrop.json,2026-08-28T18:41:30.061245+00:00
AS215930,CIPHER OPERATIONS DOO BEOGRAD - NOVI BEOGRAD,true,high,Spamhaus ASN-DROP,Spamhaus,https://www.spamhaus.org/drop/asndrop.json,2026-08-28T18:41:30.061245+00:00
AS216078,Liam Kremer,true,high,Spamhaus ASN-DROP,Spamhaus,https://www.spamhaus.org/drop/asndrop.json,2026-08-28T18:41:30.061245+00:00
AS216127,INTERNATIONAL HOSTING COMPANY LIMITED,true,high,Spamhaus ASN-DROP,Spamhaus,https://www.spamhaus.org/drop/asndrop.json,2026-08-28T18:41:30.061245+00:00
AS216246,Aeza Group LLC,true,high,Spamhaus ASN-DROP,Spamhaus,https://www.spamhaus.org/drop/asndrop.json,2026-08-28T18:41:30.061245+00:00
AS216378,Net Gate Telecom S.R.L.,true,high,Spamhaus ASN-DROP,Spamhaus,https://www.spamhaus.org/drop/asndrop.json,2026-08-28T18:41:30.061245+00:00
AS216475,NKtelecom INC,true,high,Spamhaus ASN-DROP,Spamhaus,https://www.spamhaus.org/drop/asndrop.json,2026-08-28T18:41:30.061245+00:00
AS218986,Snowcore Inc,true,high,Spamhaus ASN-DROP,Spamhaus,https://www.spamhaus.org/drop/asndrop.json,2026-08-28T18:41:30.061245+00:00
AS219067,Chiara Conti,true,high,Spamhaus ASN-DROP,Spamhaus,https://www.spamhaus.org/drop/asndrop.json,2026-08-28T18:41:30.061245+00:00
AS219326,SULAVI LTD,true,high,Spamhaus ASN-DROP,Spamhaus,https://www.spamhaus.org/drop/asndrop.json,2026-08-28T18:41:30.061245+00:00
AS219502,Storm Industries LLC,true,high,Spamhaus ASN-DROP,Spamhaus,https://www.spamhaus.org/drop/asndrop.json,2026-08-28T18:41:30.061245+00:00
AS266702,MEGALINK S.R.L.,true,high,Spamhaus ASN-DROP,Spamhaus,https://www.spamhaus.org/drop/asndrop.json,2026-08-28T18:41:30.061245+00:00
AS266724,MYRIAM PILAR ESCOBAR VEGA (DON SERVER),true,high,Spamhaus ASN-DROP,Spamhaus,https://www.spamhaus.org/drop/asndrop.json,2026-08-28T18:41:30.061245+00:00
AS327837,,true,high,Spamhaus ASN-DROP,Spamhaus,https://www.spamhaus.org/drop/asndrop.json,2026-08-28T18:41:30.061245+00:00
AS327952,NATCOM Development and Investment Limited,true,high,Spamhaus ASN-DROP,Spamhaus,https://www.spamhaus.org/drop/asndrop.json,2026-08-28T18:41:30.061245+00:00
AS328095,BLUEGATE EXCHANGE,true,high,Spamhaus ASN-DROP,Spamhaus,https://www.spamhaus.org/drop/asndrop.json,2026-08-28T18:41:30.061245+00:00
AS328819,Bluecentrix PTY LTD,true,high,Spamhaus ASN-DROP,Spamhaus,https://www.spamhaus.org/drop/asndrop.json,2026-08-28T18:41:30.061245+00:00
AS328958,cybrscrb ltd.,true,high,Spamhaus ASN-DROP,Spamhaus,https://www.spamhaus.org/drop/asndrop.json,2026-08-28T18:41:30.061245+00:00
AS329007,"ELENDE - TECNOLOGIAS DE INFORMACAO - COMERCIO E SERVICOS, LDA",true,high,Spamhaus ASN-DROP,Spamhaus,https://www.spamhaus.org/drop/asndrop.json,2026-08-28T18:41:30.061245+00:00
AS329325,Maxko for Gaming Development,true,high,Spamhaus ASN-DROP,Spamhaus,https://www.spamhaus.org/drop/asndrop.json,2026-08-28T18:41:30.061245+00:00
AS394082,rootcloud LLC,true,high,Spamhaus ASN-DROP,Spamhaus,https://www.spamhaus.org/drop/asndrop.json,2026-08-28T18:41:30.061245+00:00
AS397881,Stingers Inc.,true,high,Spamhaus ASN-DROP,Spamhaus,https://www.spamhaus.org/drop/asndrop.json,2026-08-28T18:41:30.061245+00:00
AS398638,"Jelly Digital, LLC.",true,high,Spamhaus ASN-DROP,Spamhaus,https://www.spamhaus.org/drop/asndrop.json,2026-08-28T18:41:30.061245+00:00
AS398741,VertexLink Inc,true,high,Spamhaus ASN-DROP,Spamhaus,https://www.spamhaus.org/drop/asndrop.json,2026-08-28T18:41:30.061245+00:00
AS399073,BUNNY TECHNOLOGY LLC,true,high,Spamhaus ASN-DROP,Spamhaus,https://www.spamhaus.org/drop/asndrop.json,2026-08-28T18:41:30.061245+00:00
AS399471,Des Equity LLC,true,high,Spamhaus ASN-DROP,Spamhaus,https://www.spamhaus.org/drop/asndrop.json,2026-08-28T18:41:30.061245+00:00
AS399979,49.3 Networking LLC,true,high,Spamhaus ASN-DROP,Spamhaus,https://www.spamhaus.org/drop/asndrop.json,2026-08-28T18:41:30.061245+00:00
AS400018,Africa cloud limited,true,high,Spamhaus ASN-DROP,Spamhaus,https://www.spamhaus.org/drop/asndrop.json,2026-08-28T18:41:30.061245+00:00
AS400171,Alpha InfoLab Inc,true,high,Spamhaus ASN-DROP,Spamhaus,https://www.spamhaus.org/drop/asndrop.json,2026-08-28T18:41:30.061245+00:00
AS400177,rootcloud LLC,true,high,Spamhaus ASN-DROP,Spamhaus,https://www.spamhaus.org/drop/asndrop.json,2026-08-28T18:41:30.061245+00:00
AS400328,Intelligence Hosting LLC,true,high,Spamhaus ASN-DROP,Spamhaus,https://www.spamhaus.org/drop/asndrop.json,2026-08-28T18:41:30.061245+00:00
AS400377,Des Equity LLC,true,high,Spamhaus ASN-DROP,Spamhaus,https://www.spamhaus.org/drop/asndrop.json,2026-08-28T18:41:30.061245+00:00
AS400506,Black Apple,true,high,Spamhaus ASN-DROP,Spamhaus,https://www.spamhaus.org/drop/asndrop.json,2026-08-28T18:41:30.061245+00:00
AS400522,rootcloud LLC,true,high,Spamhaus ASN-DROP,Spamhaus,https://www.spamhaus.org/drop/asndrop.json,2026-08-28T18:41:30.061245+00:00
AS400641,IPv4 Holdings LLC,true,high,Spamhaus ASN-DROP,Spamhaus,https://www.spamhaus.org/drop/asndrop.json,2026-08-28T18:41:30.061245+00:00
AS400992,ZhouyiSat Communications,true,high,Spamhaus ASN-DROP,Spamhaus,https://www.spamhaus.org/drop/asndrop.json,2026-08-28T18:41:30.061245+00:00
AS401109,Zhongguancun LLC,true,high,Spamhaus ASN-DROP,Spamhaus,https://www.spamhaus.org/drop/asndrop.json,2026-08-28T18:41:30.061245+00:00
AS401110,Sovy Cloud Services,true,high,Spamhaus ASN-DROP,Spamhaus,https://www.spamhaus.org/drop/asndrop.json,2026-08-28T18:41:30.061245+00:00
AS401116,Nybula LLC,true,high,Spamhaus ASN-DROP,Spamhaus,https://www.spamhaus.org/drop/asndrop.json,2026-08-28T18:41:30.061245+00:00
AS401120,cheapy.host LLC,true,high,Spamhaus ASN-DROP,Spamhaus,https://www.spamhaus.org/drop/asndrop.json,2026-08-28T18:41:30.061245+00:00
AS401616,PRV8 Network LLC,true,high,Spamhaus ASN-DROP,Spamhaus,https://www.spamhaus.org/drop/asndrop.json,2026-08-28T18:41:30.061245+00:00
AS401626,"Netiface America, Inc.",true,high,Spamhaus ASN-DROP,Spamhaus,https://www.spamhaus.org/drop/asndrop.json,2026-08-28T18:41:30.061245+00:00
AS401696,cognetcloud INC,true,high,Spamhaus ASN-DROP,Spamhaus,https://www.spamhaus.org/drop/asndrop.json,2026-08-28T18:41:30.061245+00:00
AS401701,cognetcloud INC,true,high,Spamhaus ASN-DROP,Spamhaus,https://www.spamhaus.org/drop/asndrop.json,2026-08-28T18:41:30.061245+00:00
AS402075,Peekabo Networks,true,high,Spamhaus ASN-DROP,Spamhaus,https://www.spamhaus.org/drop/asndrop.json,2026-08-28T18:41:30.061245+00:00
AS402253,SKN Subnet & Telecom Ltd,true,high,Spamhaus ASN-DROP,Spamhaus,https://www.spamhaus.org/drop/asndrop.json,2026-08-28T18:41:30.061245+00:00
AS402647,Netronex,true,high,Spamhaus ASN-DROP,Spamhaus,https://www.spamhaus.org/drop/asndrop.json,2026-08-28T18:41:30.061245+00:00
